<?xml version="1.0" encoding="UTF-8" standalone="no"?><templates><template autoinsert="true" context="html_tag" deleted="false" description="AJ렌터카 큰 버튼" enabled="true" name="aj_button_large">&lt;span class="button black large"&gt;&#13;
	&lt;input type="button" onclick="" value="" /&gt;&#13;
&lt;/span&gt;</template><template autoinsert="true" context="html_tag" deleted="false" description="AJ렌터카 작은 버튼" enabled="true" name="aj_button_small">&lt;span class="button gray small"&gt;&#13;
    &lt;input type="button" onclick="" value=""&gt;&#13;
&lt;/span&gt;&#13;
</template><template autoinsert="true" context="html_tag" deleted="false" description="AJ렌터카 좌우 정렬 버튼 Div" enabled="true" name="aj_div_button_lr">&lt;!-- BUTTON BOX START --&gt;&#13;
&lt;div class="tb_basic_btn"&gt;&#13;
    &lt;table width="100%" cellspacing="0" cellpadding="0" border="0"&gt;&#13;
        &lt;tbody&gt;&#13;
            &lt;tr&gt;&#13;
                &lt;th&gt;&#13;
                    &lt;!-- 버튼을 왼쪽에 위치 시킬경우 th을 사용  --&gt;&#13;
                &lt;/th&gt;&#13;
                &lt;td&gt;&#13;
                    &lt;!-- 버튼을 오른쪽에 위치 시킬경우 td을 사용  --&gt;&#13;
                &lt;/td&gt;&#13;
            &lt;/tr&gt;&#13;
        &lt;/tbody&gt;&#13;
    &lt;/table&gt;&#13;
&lt;/div&gt;&#13;
&lt;!-- BUTTON BOX END --&gt;&#13;
</template><template autoinsert="true" context="html_tag" deleted="false" description="AJ렌터카 오른쪽 정렬 버튼 Div" enabled="true" name="aj_div_button_r">&lt;!-- BUTTON BOX START --&gt;&#13;
&lt;div class="btn_box"&gt;&#13;
    &lt;ul&gt;&#13;
        &lt;li&gt;&#13;
            &lt;span class="button black large"&gt;&#13;
                &lt;input type="button" onclick="" value="" /&gt;&#13;
            &lt;/span&gt;&#13;
        &lt;/li&gt;&#13;
        &lt;li&gt;&#13;
            &lt;span class="button black large"&gt;&#13;
                &lt;input type="button" onclick="" value="" /&gt;&#13;
            &lt;/span&gt;&#13;
        &lt;/li&gt;&#13;
    &lt;/ul&gt;&#13;
&lt;/div&gt;&#13;
&lt;!-- BUTTON BOX END --&gt;</template><template autoinsert="true" context="html_tag" deleted="false" description="AJ렌터카 IBSheet Div" enabled="true" name="aj_div_ibsheet">&lt;!-- GRID BOX START --&gt;&#13;
&lt;div class="grid_box"&gt;&#13;
	&lt;div class="grid_outline"&gt;&#13;
		&lt;script type="text/javascript" charset="UTF-8"&gt;&#13;
			createIBSheet("sheet", "100%", "300px");&#13;
		&lt;/script&gt;&#13;
	&lt;/div&gt;&#13;
&lt;/div&gt;&#13;
&lt;!-- GRID BOX END --&gt;</template><template autoinsert="true" context="html_tag" deleted="false" description="AJ렌터카 멀티 입력폼 Div" enabled="true" name="aj_div_multi_table">&lt;!-- MULTI TABLE BOX START --&gt;&#13;
&lt;div id="content_table"&gt;&#13;
    &lt;div class="grid_box2"&gt;&#13;
        &lt;table style="width: 100%" cellpadding="0" cellspacing="0" border="0"&gt;&#13;
            &lt;colgroup&gt;&#13;
                &lt;col style="width: 50%;"&gt;&#13;
                &lt;col style="width: 50%;"&gt;&#13;
            &lt;/colgroup&gt;&#13;
            &lt;tbody&gt;&#13;
                &lt;tr&gt;&#13;
                    &lt;td valign="top"&gt;&#13;
                    	&lt;p style="height: 25px;"&gt;&lt;!-- 제목 --&gt;&lt;/p&gt;&#13;
                        &lt;!-- 왼쪽화면 --&gt;&#13;
                    &lt;/td&gt;&#13;
                    &lt;td valign="top"&gt;&#13;
                    	&lt;p style="height: 25px;"&gt;&lt;!-- 제목 --&gt;&lt;/p&gt;&#13;
                        &lt;!-- 오른쪽화면 --&gt;&#13;
                    &lt;/td&gt;&#13;
                &lt;/tr&gt;&#13;
            &lt;/tbody&gt;&#13;
        &lt;/table&gt;&#13;
    &lt;/div&gt;&#13;
&lt;/div&gt;&#13;
&lt;!-- MULTI TABLE BOX END --&gt;</template><template autoinsert="true" context="html_tag" deleted="false" description="AJ렌터카 입력폼 Div" enabled="true" name="aj_div_table_2">&lt;!-- INPUT TABLE BOX START --&gt;&#13;
&lt;div class="tb_basic"&gt;&#13;
	&lt;table&gt;&#13;
	    &lt;colgroup&gt;&#13;
			&lt;col style="width:15%;"&gt;&#13;
			&lt;col style="width:35%;"&gt;&#13;
			&lt;col style="width:15%;"&gt;&#13;
			&lt;col style="width:35%;"&gt;&#13;
	    &lt;/colgroup&gt;&#13;
	    &lt;tbody&gt;&#13;
		&lt;tr&gt;&#13;
		    &lt;th&gt;&lt;/th&gt;&#13;
		    &lt;td&gt;&#13;
		    &lt;/td&gt;&#13;
		    &lt;th&gt;&lt;/th&gt;&#13;
		    &lt;td&gt;&#13;
		    &lt;/td&gt;&#13;
		&lt;/tr&gt;&#13;
	    &lt;/tbody&gt;&#13;
	&lt;/table&gt;&#13;
&lt;/div&gt;&#13;
&lt;!-- INPUT TABLE BOX END --&gt;</template><template autoinsert="true" context="html_tag" deleted="false" description="AJ렌터카 입력폼 Div" enabled="true" name="aj_div_table_3">&lt;!-- INPUT TABLE BOX START --&gt;&#13;
&lt;div class="tb_basic"&gt;&#13;
	&lt;table&gt;&#13;
	    &lt;colgroup&gt;&#13;
			&lt;col style="width:10%;"&gt;&#13;
			&lt;col style="width:23%;"&gt;&#13;
			&lt;col style="width:10%;"&gt;&#13;
			&lt;col style="width:24%;"&gt;&#13;
			&lt;col style="width:10%;"&gt;&#13;
			&lt;col style="width:23%;"&gt;&#13;
	    &lt;/colgroup&gt;&#13;
	    &lt;tbody&gt;&#13;
			&lt;tr&gt;&#13;
		    	&lt;th&gt;&lt;/th&gt;&#13;
		    	&lt;td&gt;&#13;
		    	&lt;/td&gt;&#13;
		   		&lt;th&gt;&lt;/th&gt;&#13;
		    	&lt;td&gt;&#13;
		    	&lt;/td&gt;&#13;
		    	&lt;th&gt;&lt;/th&gt;&#13;
		    	&lt;td&gt;&#13;
		    	&lt;/td&gt;&#13;
			&lt;/tr&gt;&#13;
	    &lt;/tbody&gt;&#13;
	&lt;/table&gt;&#13;
&lt;/div&gt;&#13;
&lt;!-- INPUT TABLE BOX END --&gt;</template><template autoinsert="true" context="html_tag" deleted="false" description="AJ렌터카 입력폼 Div" enabled="true" name="aj_div_table_4">&lt;!-- INPUT TABLE BOX START --&gt;&#13;
&lt;div class="tb_basic"&gt;&#13;
	&lt;table&gt;&#13;
	    &lt;colgroup&gt;&#13;
			&lt;col style="width:8%;"&gt;&#13;
			&lt;col style="width:17%;"&gt;&#13;
			&lt;col style="width:8%;"&gt;&#13;
			&lt;col style="width:17%;"&gt;&#13;
			&lt;col style="width:8%;"&gt;&#13;
			&lt;col style="width:17%;"&gt;&#13;
			&lt;col style="width:8%;"&gt;&#13;
			&lt;col style="width:17%;"&gt;&#13;
	    &lt;/colgroup&gt;&#13;
	    &lt;tbody&gt;&#13;
			&lt;tr&gt;&#13;
		    	&lt;th&gt;&lt;/th&gt;&#13;
		    	&lt;td&gt;&#13;
		    	&lt;/td&gt;&#13;
		    	&lt;th&gt;&lt;/th&gt;&#13;
		    	&lt;td&gt;&#13;
		    	&lt;/td&gt;&#13;
		    	&lt;th&gt;&lt;/th&gt;&#13;
		    	&lt;td&gt;&#13;
		    	&lt;/td&gt;&#13;
		    	&lt;th&gt;&lt;/th&gt;&#13;
		    	&lt;td&gt;&#13;
		    	&lt;/td&gt;&#13;
			&lt;/tr&gt;&#13;
	    &lt;/tbody&gt;&#13;
	&lt;/table&gt;&#13;
&lt;/div&gt;&#13;
&lt;!-- INPUT TABLE BOX END --&gt;</template><template autoinsert="true" context="html_tag" deleted="false" description="AJ렌터카 타이틀 &amp; 버튼 Div" enabled="true" name="aj_div_title_button">&lt;div class="p_title_box"&gt;&#13;
    &lt;ul&gt;&#13;
        &lt;li&gt;&lt;p&gt;컨텐츠 제목 입력&lt;/p&gt;&lt;/li&gt;&#13;
        &lt;li class="btn_right"&gt;&#13;
            &lt;span class="button gray large"&gt;&#13;
                &lt;input type="button" onclick="" value=""&gt;&#13;
            &lt;/span&gt;&#13;
        &lt;/li&gt;&#13;
    &lt;/ul&gt;&#13;
&lt;/div&gt;&#13;
</template><template autoinsert="true" context="html_tag" deleted="false" description="AJ렌터카 달력 이미지" enabled="true" name="aj_img_calendar">&lt;img name="btnCal" class="btnCalendar" onclick='Calendar($$(this).prev()[0]);' src="../resources/images/ui/btn_calendar.gif" alt="calendar" /&gt;&#13;
</template><template autoinsert="true" context="html_tag" deleted="false" description="AJ렌터카 팝업 이미지" enabled="true" name="aj_img_popup">&lt;img class="btnFind" onClick="" src="../resources/images/ui/btn_search.gif" alt=""/&gt;</template></templates>